{"nodes":{"node:1":{"location":{"x":0,"y":0}}},"selection":null,"view":{"scroll":{"x":-46.9919509887695312,"y":-34.78411865234375},"visible_rect":{"max":{"x":1389.116455078125,"y":899.83709716796875},"min":{"x":-51.11737060546875,"y":-37.8378143310546875}},"zoom":0.919295132160186768}}